INSERT INTO fleuriste.address (id, number, roadtype, roadname, additionaladdress, postalcode, city_id, numberaddition) VALUES (1, 9, 'parc', 'du donjon', '1er etage gauche', '91700', 91549, null);
INSERT INTO fleuriste.address (id, number, roadtype, roadname, additionaladdress, postalcode, city_id, numberaddition) VALUES (2, 9, 'parc', 'du donjon', '1er etage gauche', '91700', 91235, null);
INSERT INTO fleuriste.address (id, number, roadtype, roadname, additionaladdress, postalcode, city_id, numberaddition) VALUES (3, 9, 'parc', 'du donjon', '1er etage gauche', '91000', 91228, null);
INSERT INTO fleuriste.address (id, number, roadtype, roadname, additionaladdress, postalcode, city_id, numberaddition) VALUES (4, 21, 'avenue', 'des hetres', '', '91170', 91687, null);
INSERT INTO fleuriste.address (id, number, roadtype, roadname, additionaladdress, postalcode, city_id, numberaddition) VALUES (5, 21, 'avenue', 'des hetres', '', '91170', 0, null);
INSERT INTO fleuriste.address (id, number, roadtype, roadname, additionaladdress, postalcode, city_id, numberaddition) VALUES (6, 9, 'parc', 'du donjon', '1er etage gauche', '91700', 91549, null);
INSERT INTO fleuriste.city (id, inseeid, name, active) VALUES (1, '94019', 'Chennevières-sur-Marne', 1);
INSERT INTO fleuriste.offer (id, name, description, active, start, end, discount) VALUES (3, 'TestOffer', 'ggg', 1, '2019-05-03 00:00:00', '2019-06-01 00:00:00', 25);
INSERT INTO fleuriste.offer_product_content (offer_id, product_id, quantity, id) VALUES (3, 27, 3, 10);
INSERT INTO fleuriste.person (id, name, firstName, birthday, email, password, photopath, banned, deleted, enabled, confirmation_token, password_requested_at, creationdate, rights, address_id, username, username_canonical, email_canonical, salt, plain_password, last_login, roles) VALUES (1, null, null, null, 'bourdin.maurice@gmail.com', null, null, 0, 0, 1, null, null, null, 1, 1, 'mbourdin', 'mbourdin', 'bourdin.maurice@gmail.com', null, null, '2019-05-20 08:59:45', 'a:1:{i:0;s:10:"ROLE_BUYER";}');
INSERT INTO fleuriste.person (id, name, firstName, birthday, email, password, photopath, banned, deleted, enabled, confirmation_token, password_requested_at, creationdate, rights, address_id, username, username_canonical, email_canonical, salt, plain_password, last_login, roles) VALUES (2, 'bourdin', 'maurice', '1983-12-14', 'maurice@bourdin.biz', null, 'Koala.jpg', 0, 0, 1, null, null, null, 6, null, 'mbourdin2', 'mbourdin2', 'maurice@bourdin.biz', null, null, '2019-05-15 20:58:23', 'a:2:{i:0;s:10:"ROLE_ADMIN";i:1;s:14:"ROLE_ACC_ADMIN";}');
INSERT INTO fleuriste.person (id, name, firstName, birthday, email, password, photopath, banned, deleted, enabled, confirmation_token, password_requested_at, creationdate, rights, address_id, username, username_canonical, email_canonical, salt, plain_password, last_login, roles) VALUES (3, null, null, null, 'admin@admin.admin', '$2y$13$bI/1ukkoMjmLhxF9fEyK.u0GPz.Vm3xKYhIBUTFvm1asZAW0/tK.2', null, 0, 0, 1, null, null, null, 6, null, 'admin', 'admin', 'admin@admin.admin', null, null, '2019-05-22 13:06:37', 'a:2:{i:0;s:10:"ROLE_ADMIN";i:1;s:14:"ROLE_ACC_ADMIN";}');
INSERT INTO fleuriste.person (id, name, firstName, birthday, email, password, photopath, banned, deleted, enabled, confirmation_token, password_requested_at, creationdate, rights, address_id, username, username_canonical, email_canonical, salt, plain_password, last_login, roles) VALUES (4, 'us', 'er', '2019-05-22', 'user@user.user', '$2y$13$pnlewinWiMzb3WICa9bIQ.GerXhllylJnMj03Sd/YSS.3QiDuW/OS', 'son_goku_ultra_instinct_form_by_rmehedi-dbpwu2b.png', 0, 0, 1, null, null, null, 1, null, 'user', 'user', 'user@user.user', null, null, '2019-05-22 13:08:16', 'a:1:{i:0;s:10:"ROLE_BUYER";}');
INSERT INTO fleuriste.person (id, name, firstName, birthday, email, password, photopath, banned, deleted, enabled, confirmation_token, password_requested_at, creationdate, rights, address_id, username, username_canonical, email_canonical, salt, plain_password, last_login, roles) VALUES (5, null, null, null, 'x@x.x', '$2y$13$5JfygOhWDTjqkFp6yvAJLOeAiquDfMJ3P17ACw06UaQCqcMYisVZa', null, 0, 0, 0, 'Qt6nZWbZw1eRzG7y0Jvqrpj781BDIl_ZVGnvKxPYLoY', null, null, 1, null, 'xxx', 'xxx', 'x@x.x', null, null, null, 'a:1:{i:0;s:10:"ROLE_BUYER";}');
INSERT INTO fleuriste.persons_addresses (person_id, address_id) VALUES (1, 5);
INSERT INTO fleuriste.persons_addresses (person_id, address_id) VALUES (4, 6);
INSERT INTO fleuriste.product (id, photopath, price, description, name, active) VALUES (18, 'tulipe-botanique-tarda.jpg', 2600, 'Les tulipes forment un genre de plantes herbacées de la famille des Liliacées, qui compte une centaine d''''espèces originaires des régions tempérées chaudes de l''''Ancien monde. Plusieurs espèces sont largement cultivées comme plantes ornementales et ont donné lieu à la création de plusieurs milliers de variétés', 'La tulipe', 1);
INSERT INTO fleuriste.product (id, photopath, price, description, name, active) VALUES (19, 'Narcissus-Meaning.jpg', 7000, 'Fleur de printemps par excellence, le narcisse fleurit au jardin aux mois de mars et avril. Sa floraison blanche, jaune, orange, rose ou saumon se remarque alors au milieu d’une nature qui peine à sortir de l’hiver. En bouquet, il est possible d’admirer les charmes de cette bulbeuse beaucoup plus tôt, puisque les fleuristes la compose dès le mois de décembre.', 'Narcisse', 1);
INSERT INTO fleuriste.product (id, photopath, price, description, name, active) VALUES (20, 'forsythia.jpg', 2000, 'Sa floraison lumineuse marque l’arrivée du printemps. Résistant au froid et s’adaptant à différents types de terre, le forsythia ne passe pas inaperçu avec sa multitude de petites fleurs jaunes qui poussent le long de ses branches. Plébiscité au jardin pour sa floraison précoce et sa croissance rapide, les fleuristes apprécient également sa tenue en bouquet', 'Le forsythia', 1);
INSERT INTO fleuriste.product (id, photopath, price, description, name, active) VALUES (21, 'Magnolia.jpg', 3000, 'Durant tout le printemps et parfois même en été, il est courtisé pour son feuillage persistant et sa floraison élégante, délicatement parfumée. Qu’il s’habille de blanc, de rose, de pourpre voire de jaune, le magnolia est une véritable star du jardin, mais aussi chez le fleuriste. Offert dans un 
bouquet, il transmet un message d’amour empreint de conviction et de fidélité.', 'Magnolia', 1);
INSERT INTO fleuriste.product (id, photopath, price, description, name, active) VALUES (22, 'Jacinthe.jpg', 1000, 'Qui ne connaît pas la généreuse jacinthe ? Elle est l’une des fleurs les plus populaires de nos jardins au printemps. Au mois de mars et jusqu’en avril, ses fleurs tubulaires en forme d’épis nous offrent ses parfums dans des coloris très variés. Disponible dès le mois de décembre dans les compositions florales, elle promet la sensualité des premiers ébats printaniers.', 'La jacinthe', 1);
INSERT INTO fleuriste.product (id, photopath, price, description, name, active) VALUES (23, 'leDaphne.jpg', 1700, 'Sa floraison est précoce, car elle peut débuter dès le mois de février. Appréciée en pot comme en pleine terre pour son parfum puissant, son entretien demande en revanche beaucoup d’énergie car la plante est capricieuse et fragile. Dans le langage des fleurs, elle exprime le désir de plaire. Mais attention, sa toxicité lui vaut le surnom d’adorable poison.', 'Le daphné', 1);
INSERT INTO fleuriste.product (id, photopath, price, description, name, active) VALUES (24, 'leMyosotis.JPG', 400, 'Des rocailles aux massifs en passant par les prairies, le myosotis apporte sa touche de douceur à nos paysages printaniers. Légère et aérienne, sa longue floraison nous offre en effet des coloris très tendres. C’est pour cela que le langage des fleurs l’associe au souvenir de moments heureux. « Ne m’oublie pas », lance-t-il ainsi après une séparation amoureuse.', 'Le myosotis', 1);
INSERT INTO fleuriste.product (id, photopath, price, description, name, active) VALUES (25, 'paquerette.jpg', 400, 'On les reconnaît à leurs blanches, roses ou rouges au cœur jaune vif et c’est d’une manière bien champêtre qu’elles annoncent le retour du printemps. Appréciées pour leur floraison pétillante, les pâquerettes sont des plantes sans exigence qui s’adaptent à tous types de sols ou d’expositions. On l’offre pour avouer un sentiment naissant, timide mais très tendre.', 'La paquerette', 1);
INSERT INTO fleuriste.product (id, photopath, price, description, name, active) VALUES (26, 'clematite.jpg', 400, 'Avec ses fleurs étoilées qui poussent tout au long de ses lianes, la clématite est considérée comme l’une des plus belles plantes fleuries. Très appréciée pour sa croissance rapide et ses atouts décoratifs, cette grimpante est cependant fragile et sa culture doit être maitrisée. Pour qu’elle fleurisse au printemps, plantez là dès octobre dans un endroit humide et frais.', 'La clématite', 1);
INSERT INTO fleuriste.product (id, photopath, price, description, name, active) VALUES (27, 'rhodo.jpg', 120, 'Cultivé en pot ou en pleine terre, le rhododendron offre dès le mois d’avril une floraison exceptionnelle, caractérisée par de multiples épis de petites fleurs aux coloris très variés. Il se décline en plusieurs centaines d’espèces et de variétés, dont l’azalée, que l’on peut trouver chez les fleuristes une large partie de l’année. Il traduit l’amour éphémère.', 'Le rhododendron', 1);
INSERT INTO fleuriste.product (id, photopath, price, description, name, active) VALUES (28, 'Orchidee-dans-un-pot.jpg', 4000, 'L’orchidée Phalaenopsis, grande favorite de nos intérieurs, porte aussi le doux nom d’orchidée papillon. Comment résister à ses fleurs raffinées accrochées à une hampe gracile ? Linéarité des formes et extravagance des fleurs… l’orchidée Phalaenopsis apporte sa touche de sophistication mêlée de poésie. Les nombreux hybrides disponibles aujourd’hui dans le commerce s’adaptent parfaitement à la culture en appartement et fleurissent tout au long de l’année. Et contrairement à ce que l’on croit, leur entretien est à la portée de tous !', 'orchidee phalaenopsis', 1);
INSERT INTO fleuriste.product (id, photopath, price, description, name, active) VALUES (29, 'Orchidees-Paphiopedilum.jpg', 4400, 'L’orchidée Paphiopedilum est originaire des jungles d’Extrême-Orient et d’Indonésie. Elle pousse généralement dans la couche d’humus (ensemble des matières organiques décomposées présentes dans le sol) de la forêt ou parfois sur les pierres.
Cette orchidée est aussi appelée Sabot de Vénus à cause de sa lèvre en forme de chaussure. Cette lèvre sert de piège à insectes. En effet, les insectes sont attirés par les odeurs et le nectar que cette orchidée produit.', 'Orchidees-Paphiopedilum', 1);
INSERT INTO fleuriste.product (id, photopath, price, description, name, active) VALUES (30, 'Cymbiduim.jpg', 4400, '​Les cymbidiums sont des orchidées terrestres, ou parfois épiphyte, de grande taille et très florifères. Leurs fleurs très nombreuses ont une très longue tenue en vase.
Certaines variétés de cymbidium étaient déjà cultivées en Chine et au Japon il y a plusieurs siècles. Elles sont originaires de l''''Inde, Chine, Japon et d''''Australie. tenue en vase.', 'orchidée Cymbidium', 1);
INSERT INTO fleuriste.product (id, photopath, price, description, name, active) VALUES (31, 'Orchidees-Laelia.jpg', 3300, 'Le genre Laelia est un genre d''''orchidées épiphytes ou lithophytes du Mexique, d''''Amérique centrale et d''''Amérique du Sud comptant peut-être une centaine d''''espèces.', 'orchidée Laelia', 1);
INSERT INTO fleuriste.product (id, photopath, price, description, name, active) VALUES (32, 'Orchidee-vanille.jpg', 2490, 'La vanille est une épice constituée par le fruit de certaines orchidées lianescentes tropicales d''''origine mésoaméricaine du genre Vanilla, principalement de l''''espèce Vanilla planifolia. ... Il se présente sous la forme de bâtonnets noirs et luisants, communément appelés « gousses de vanille »', 'orchidée vanille', 1);
INSERT INTO fleuriste.product_type (id, name, photopath, active) VALUES (2, 'orchidées', 'Orchidee-dans-un-pot.jpg', 1);
INSERT INTO fleuriste.products_types (product_id, product_type_id) VALUES (28, 2);
INSERT INTO fleuriste.products_types (product_id, product_type_id) VALUES (29, 2);
INSERT INTO fleuriste.products_types (product_id, product_type_id) VALUES (30, 2);
INSERT INTO fleuriste.products_types (product_id, product_type_id) VALUES (31, 2);
INSERT INTO fleuriste.products_types (product_id, product_type_id) VALUES (32, 2);
INSERT INTO fleuriste.sale (id, onlinepay, paid, discount, date, person_id, validated, contact, recipient, address_id) VALUES (16, 1, 0, 0, null, 4, 0, null, null, null);
INSERT INTO fleuriste.sale_offer_content (sale_id, offer_id, quantity, pricewhenbought, id) VALUES (16, 3, 1, 90, 14);
INSERT INTO fleuriste.sale_product_content (sale_id, product_id, quantity, pricewhenbought, id) VALUES (16, 32, 2, 2490, 17);
INSERT INTO fleuriste.sale_service_content (sale_id, service_id, quantity, pricewhenbought, id) VALUES (16, 1, 1, 600, 14);
INSERT INTO fleuriste.service (id, photopath, price, description, name, active) VALUES (1, null, 600, 'TEST', 'TestService', 1);
INSERT INTO fleuriste.service_product_content (service_id, product_id, quantity, id) VALUES (1, 23, 2, 3);
INSERT INTO fleuriste.service_product_content (service_id, product_id, quantity, id) VALUES (1, 28, 2, 5);